{
    "luis": {
        "GoToAccount_en_us_lu": {
            "appId": "07edd7e7-b4ac-4a74-91e5-2341a3d0286c"
        },
        "AccountApplyOnline_en_us_lu": {
            "appId": "c1d5da7a-a271-42a3-b3a5-789953837d4c"
        },
        "AccountOffline_en_us_lu": {
            "appId": "f3faea6e-811e-4faf-8e6c-9e4422e9b00e"
        },
        "CardReplacement_en_us_lu": {
            "appId": "0faff658-3329-457c-bb30-61815ac979af"
        },
        "DBS_Node_en_us_lu": {
            "appId": "b5bcf3f9-acb2-4e2b-8458-37dbf121c3b8"
        },
        "OpenAccount_en_us_lu": {
            "appId": "8feeef70-803f-4bbd-98ff-5ac93cadefec"
        }
    }
}